pro,name
上海,沈金龙
上海,徐麟
上海,杨洁篪
上海,杨晓渡
上海,郑和
上海,张裔炯
上海,陆昊
云南,宋丹
云南,齐扎拉
内蒙古,布小林
内蒙古,郭树清
内蒙古,巴音朝鲁
内蒙古,信春鹰
北京,肖亚庆
北京,王晨
北京,王毅
北京,潘立刚
北京,郑晓松
北京,刘结一
北京,苗圩
吉林,袁家军
吉林,陈吉宁
吉林,王晓晖
四川,陈文清
四川,李锦斌
四川,李尚福
四川,李屹
四川,李小鹏
宁夏,王正伟
安徽,袁曙宏
安徽,王志刚
安徽,骆惠宁
安徽,汪洋
安徽,倪岳峰
安徽,刘奇葆
安徽,车俊
安徽,李克强
山东,杨学军
山东,李传广
山东,吴英杰
山东,张庆黎
山东,邱学强
山东,魏凤和
山东,孙绍骋
山东,张军
山东,许其亮
山东,冷溶
山东,刘粤军　
山东,刘万龙
山东,蔡名照
山东,刘雷
山东,马兴瑞
山东,王宁
山东,于忠福
山东,于伟国
山东,徐乐江
山东,王沪宁
山东,王国生
山东,胡和平
山东,尹力
山东,赵克志
山东,刘奇
山东,李鸿忠
山东,尚宏
山东,林铎
山东,鹿心社
山东,曲青山
山西,石泰峰
山西,郑卫平
广东,张纪南
广东,何立峰
广西,马飚
广西,李纪恒
广西,陈武
新疆,雪克来提·扎克尔
新疆,艾力更·依明巴海
新疆,努尔兰·阿不都满金
江苏,曹建明
江苏,龚正
江苏,钱小芊
江苏,吴政隆
江苏,黄明
江苏,高津
江苏,徐安祥
江苏,宋涛
江苏,张晓明
江苏,陈豪
江苏,黄树贤
江苏,范骁骏
江苏,乙晓光
江苏,刘士余
江苏,王蒙徽
江苏,许勤
江苏,朱生岭
江苏,李玉赋
江苏,丁薛祥
江苏,丁学东
江西,沈德咏
江西,黎火辉
江西,汪永清
江西,郭声琨
江西,王晓东
河北,铁凝
河北,聂辰席
河北,尤权
河北,栗战书
河北,周亚宁
河北,雒树刚
河北,张庆伟
河北,鄂竟平
河北,刘振立
河北,刘金国
河北,李凤彪
河北,韩卫国
河北,傅政华
河北,刘鹤
河北,杨振武
河北,孙春兰
河北,孟祥锋
河南,吉炳轩
河南,张春贤
河南,张国清
河南,李桥铭
河南,王建武
河南,孙志刚
河南,陈全国
河南,王军
河南,黄守宏
河南,李国英
浙江,卢展工
浙江,丁来杭
浙江,韩正
浙江,楼阳生
浙江,钟山
浙江,陈敏尔
浙江,金壮龙
浙江,应勇
浙江,李强
浙江,杜家毫
浙江,沈晓明
浙江,沈跃跃
湖北,谢伏瞻
湖北,吴社洲
湖北,彭清华
湖北,孙金龙
湖北,王建军
湖北,阮成发
湖北,秦生祥
湖北,胡春华
湖北,袁誉柏
湖北,周强
湖南,陈润儿
湖南,陈求发
湖南,李作成
湖南,李干杰
湖南,蒋超良
湖南,许达哲
甘肃,苟仲文
甘肃,李希
甘肃,咸辉
甘肃,陈宝生
福建,黄坤明
福建,王志民
福建,刘赐贵
福建,蔡奇
福建,陈希
福建,侯建国
福建,苗华
福建,许又声
福建,王小洪
西藏,洛桑江村
贵州,娄勤俭
贵州,谌贻琴
辽宁,李斌
辽宁,盛斌
辽宁,穆虹
辽宁,万立骏
辽宁,刘国治
辽宁,肖捷
辽宁,王勇
辽宁,巴特尔
辽宁,王家胜
辽宁,王东明
辽宁,安兆庆
辽宁,王尔乘
辽宁,白春礼
辽宁,王玉普
辽宁,宋秀岩
重庆,胡泽君
重庆,唐仁健
重庆,刘家义
重庆,李晓红
陕西,习近平
陕西,张又侠
陕西,郝鹏
陕西,张升民
陕西,赵乐际
陕西,王东峰
黑龙江,怀进鹏
黑龙江,毕井泉
黑龙江,刘国中
黑龙江,赵宗岐
